Part No.,11101-0Y050,11101-BZ250,11103-0Y040,11111-0Y050,11111-BZ200,11115-0Y030,11121-0Y011,11131-0Y030,11135-0Y030,11159-0Y020,11191-0Y010,11201-0Y030,11201-BZ160,11201-BZ180,11310-0Y040,11310-BZ200,11310-BZ240,11401-0Y060,11401-BZ220,11409-BZ150,11411-0Y060,11411-BZ180,11445-0Y020,11452-0Y080,11461-0Y040,11511-0Y040,11513-0Y040,11711-0Y020,11711-0Y020,11711-0Y020,11711-0Y020,11711-0Y100,11711-0Y100,11711-0Y100,11711-0Y100,11721-0Y050,11721-0Y050,11721-0Y050,11721-0Y050,11721-0Y100,11721-0Y100,11721-0Y100,11721-0Y100,11791-0Y040,11791-B0010,11791-BZ140,12101-0Y040,12101-BZ220,12101-BZ230,12121-0Y030,12122-0Y011,12137-0Y010,12144-47020,12180-0H020,12261-0Y041,12261-BZ210,12261-BZ310,12281-0Y110,12282-0Y050,12315-0Y010,13011-0Y030,13011-BZ210,13050-0Y020,13050-BZ040,13070-0Y020,13201-0Y080,13211-0Y061,13211-BZ330,13251-0Y030,13281-0Y020,13281-0Y020,13281-0Y020,13401-0Y140,13405-BZ220,13411-0Y140,13470-0Y020,13470-BZ120,13501-0Y050,13501-BZ090,13502-0Y050,13502-BZ050,13506-0Y040,13511-0Y050,13511-BZ110,13512-0Y050,13512-BZ090,13521-0Y040,13540-0Y010,13562-0Y020,13566-0Y010,13591-0Y010,13711-0Y020,13715-0Y020,13716-0C030,13734-0C010,13741-0Y010,13750-0C040,13801-0C030,15301-0Y010,15301-BZ150,15330-0Y050,15330-0Y060,15678-0Y010,15708-0Y040,16031-0Y010,16031-0Y030,161A0-B0010,16206-BZ080,16258-0Y010,16261-0Y030,16261-BZ750,16264-0Y080,16264-BZ380,16267-0Y030,16268-0Y180,16268-0Y190,16270-BZ030,16271-BZ090,16282-BZ110,16303-BZ030,16303-BZ040,16321-BZ130,16323-BZ040,16325-BZ050,16340-B0020,16575-BZ090,16581-47020,16620-0Y061,16620-0Y062,17118-0Y031,17120-0Y051,17120-BZ130,17120-BZ210,17167-0Y020,17168-0Y020,17173-0Y030,19315-0Y020,22030-0Y020,22030-BZ160,22030-BZ180,23209-0Y030,23209-BZ100,23209-47060,23291-0Y020,23814-0Y010,23891-47040,25051-0Y060,25051-BZ150,25051-BZ260,31270-0J010,32101-BZ100,32111-52110,32113-BZ070,32116-12030,32117-12040,82124-BZ020,82219-0D110,82715-0DM60,82715-0DM70,82715-12P80,82715-5C360,82715-BZK60,82715-BZK80,82715-BZQ60,83530-60020,89422-33030,89422-B2030,89439-BZ210,89467-30050,89467-BZ020,89615-20090,9004A-10200,9004A-11240,9004A-11353,9004A-46411,90105-06345,90105-08373,90105-10095,90105-T0051,90105-T0052,90105-T0085,90105-T0120,90105-T0125,90105-T0126,90105-T0130,90105-T0156,90105-T0211,90105-T0247,90105-T0269,90105-T0270,90105-T0271,90105-T0272,90105-T0273,90105-T0283,90105-T0347,90109-T0055,90110-T0002,90119-08D36,90119-T0136,90119-T0219,90119-T0237,90119-T0240,90119-T0260,90119-T0342,90119-T0444,90126-08063,90126-T0012,90126-T0019,90177-08003,90178-T0019,90178-T0053,90201-06047,90201-10344,90210-T0002,90250-04097,90250-05027,90250-T0018,90250-T0019,90253-11004,90253-12002,90253-13017,90280-04001,90301-T0055,90301-T0057,90301-T0059,90301-T0060,90311-T0074,90311-T0076,90331-T0013,90331-T0014,90331-T0015,90344-53008,90360-T0012,90406-T0009,90406-T0011,90406-T0013,90406-T0014,90430-12221,90430-T0023,90466-T0015,90466-T0050,90466-T0061,90466-T0062,90469-T0014,90501-T0045,90910-T2012,90910-T2013,90913-01029,90913-03028,90913-T2004,90913-T2005,90915-TA001,90915-10009,90919-01275,90919-01289,90919-T2011,90919-T5001,90919-T5002,91551-10818,91551-80620,91551-80828,91551-80890,96136-42501,96411-62500
16000-0Y540,1,,1,,,1,,,,2,4,1,,,1,,,1,,,,,1,1,,,,5,5,5,5,,,,,5,5,5,5,,,,,2,,,1,,,1,1,1,1,1,1,,,1,1,1,1,,1,,1,4,4,,4,8,8,8,1,,,1,,1,,1,,1,,,,,1,1,1,1,1,8,8,16,16,16,16,16,1,,1,1,1,4,1,,,,1,1,,1,,1,,1,,,,,,,,,,,1,,1,1,1,,,1,1,1,,1,,,,,4,4,1,2,1,,,,,1,,1,1,,1,1,1,1,1,,,,1,1,,,1,,1,,,,,,,8,1,10,2,,2,2,7,1,2,7,12,5,17,3,2,1,5,14,4,1,7,4,1,4,7,6,1,5,2,2,6,2,2,2,10,2,2,,2,1,2,2,2,,1,1,1,1,1,1,,,,1,,,,,,1,1,4,2,1,1,1,16,10,,,32,8,8,1,,4,,4,1,2,,,,,,
11101-0Y050,,,,1,,,16,8,8,,,,,,,,,,,,,,,,,,,,,,,,,,,,,,,,,,,,,,,,,,,,,,,,,,,,,,,,,,,,,,,,,,,,,,,,,,,,,,,,,,,,,,,,,,,,,,,,,,,,,,,,,,,,,,,,,,,,,,,,,,,,,,,,,,,,,,,,,,,,,,,,,,,,,,,,,,,,,,,,,,,,,,,,,,,,,,,,,,,,,,,,,,,,,,,,,,,,,,,,,,,,,,,,,,,,,,,,,,,,,,4,,3,,1,1,1,,,,,,,,,,,,,,,,,,,,,,,,,,,1
11401-0Y060,,,,,,,,,,,,,,,,,,,,,1,,,,4,4,1,,,,,,,,,,,,,,,,,,,,,,,,,,,,,,,,,,,,,,,,,,,,,,,,,,,,,,,,,,,,,,,,,,,,,,,,,,,,,,,,,,,,,,,,,,,,,,,,,,,,,,,,,,,,,,,,,,,,,,,,,,,,,,,,,,,,,,,,,,,,,,,,,,,,,,,,,,,,,,,,,,,,,,,,,,,,,,,,,,,,,,,,,,,,,,,,,,,,,,,,,,5,1,,,,,,,,,,,,,,,,,10,,,,,,,,,,,,,,,,,
13401-0Y140,,,,,,,,,,,,,,,,,,,,,,,,,,,,,,,,,,,,,,,,,,,,,,,,,,,,,,,,,,,,,,,,,,,,,,,,,,,1,,,,,,,,,,,,,,,,,,,,,,,,,,,,,,,,,,,,,,,,,,,,,,,,,,,,,,,,,,,,,,1,,,,,,,,,,,,,,,,,,,,,,,,,,,,,,,,,,,,,,,,,,,,,,,,,,,,,,,,,,,,,,,,,,,,,,,,,,,,,,,,,,,,,1,,,,,,,,,,,,,,,,,,,,,,,,,,,,,,,,,,,,,,,,,,
13501-0Y050,,,,,,,,,,,,,,,,,,,,,,,,,,,,,,,,,,,,,,,,,,,,,,,,,,,,,,,,,,,,,,,,,,,,,,,,,,,,,,,,,,,1,,,,,,,,,,,,,,,,,,,,,,,,,,,,,,,,,,,,,,,,,,,,,,,,,,,,,,,,,,,,,,,,,,,,,,,,,,,,,,,,,,,,,,,,,,,,,,,,,,,,,,,,,,,,,,,,,,,,,,,,,,,,,,,,,,,,,1,,,,,,,,,,,,,,,,,,,,,,,,,,,,,,,,,,,,,,,,,,,,,,,,
13502-0Y050,,,,,,,,,,,,,,,,,,,,,,,,,,,,,,,,,,,,,,,,,,,,,,,,,,,,,,,,,,,,,,,,,,,,,,,,,,,,,,,,,,,,,1,,,,,,,,,,,,,,,,,,,,,,,,,,,,,,,,,,,,,,,,,,,,,,,,,,,,,,,,,,,,,,,,,,,,,,,,,,,,,,,,,,,,,,,,,,,,,,,,,,,,,,,,,,,,,,,,,,,,,,,,,,,,,,,,,,,1,,,,,,,,,,,,,,,,,,,,,,,,,,,,,,,,,,,,,,,,,,,,,,,,
16000-BZZ00 (HEV),,1,1,,,1,,,,2,4,,,1,,,1,,1,1,,,1,,,,,,,,,5,5,5,5,,,,,5,5,5,5,,,2,,,1,1,1,,,1,,,1,1,1,,,1,,1,1,4,,4,4,8,8,8,1,1,,,1,,1,,1,1,,,,,1,1,1,1,1,8,8,16,16,16,16,16,,1,1,1,1,4,,,1,1,1,,1,,1,,,,1,1,2,1,1,1,1,1,1,,,,,1,,,1,1,1,1,,,,1,,4,,4,1,2,,,1,1,,,,,,1,,,,,,,1,1,1,,1,,,1,1,,,1,1,,4,,1,10,2,2,2,2,7,1,2,8,12,5,17,2,2,1,5,14,4,1,7,4,1,4,7,6,1,6,,2,6,2,2,2,10,2,2,,2,1,2,2,2,,1,1,1,,1,1,,,,1,,1,,,,,1,4,,1,1,,16,10,,8,32,8,8,,1,,4,4,1,2,6,2,2,1,4,
16000-BZY90 (ICE),1,,1,,,1,,,,2,4,,1,,,1,,1,,1,,,1,,,,,5,5,5,5,,,,,5,5,5,5,,,,,,2,,,1,,1,1,,,1,,1,,1,1,,1,,1,,1,4,4,,4,8,8,8,1,,,1,,1,,1,,1,,,,,1,1,1,1,1,8,8,16,16,16,16,16,,1,1,1,1,4,,1,,,1,1,,1,,,1,,,,,,,,,,,1,,1,,1,,1,,1,1,1,,,1,,4,,,4,1,2,,1,,,1,,1,,,1,,,,,,1,1,,1,1,,1,,1,1,8,1,,,1,,,1,10,2,,2,2,7,1,2,8,12,5,17,2,2,1,5,14,4,1,7,4,1,4,7,6,1,5,,2,6,2,2,2,10,2,2,,2,1,2,2,2,,1,1,1,,1,1,,,,1,,,,,,1,1,2,2,1,1,,16,10,,,32,8,8,,1,4,,4,1,2,,,,,,
11101-0Y050,,,,1,,,16,8,8,,,,,,,,,,,,,,,,,,,,,,,,,,,,,,,,,,,,,,,,,,,,,,,,,,,,,,,,,,,,,,,,,,,,,,,,,,,,,,,,,,,,,,,,,,,,,,,,,,,,,,,,,,,,,,,,,,,,,,,,,,,,,,,,,,,,,,,,,,,,,,,,,,,,,,,,,,,,,,,,,,,,,,,,,,,,,,,,,,,,,,,,,,,,,,,,,,,,,,,,,,,,,,,,,,,,,,,,,,,,,,4,,3,,1,1,1,,,,,,,,,,,,,,,,,,,,,,,,,,,1
11401-0Y060,,,,,,,,,,,,,,,,,,,,,1,,,,4,4,1,,,,,,,,,,,,,,,,,,,,,,,,,,,,,,,,,,,,,,,,,,,,,,,,,,,,,,,,,,,,,,,,,,,,,,,,,,,,,,,,,,,,,,,,,,,,,,,,,,,,,,,,,,,,,,,,,,,,,,,,,,,,,,,,,,,,,,,,,,,,,,,,,,,,,,,,,,,,,,,,,,,,,,,,,,,,,,,,,,,,,,,,,,,,,,,,,,,,,,,,,,5,1,,,,,,,,,,,,,,,,,10,,,,,,,,,,,,,,,,,
13401-0Y140,,,,,,,,,,,,,,,,,,,,,,,,,,,,,,,,,,,,,,,,,,,,,,,,,,,,,,,,,,,,,,,,,,,,,,,,,,,1,,,,,,,,,,,,,,,,,,,,,,,,,,,,,,,,,,,,,,,,,,,,,,,,,,,,,,,,,,,,,,1,,,,,,,,,,,,,,,,,,,,,,,,,,,,,,,,,,,,,,,,,,,,,,,,,,,,,,,,,,,,,,,,,,,,,,,,,,,,,,,,,,,,,1,,,,,,,,,,,,,,,,,,,,,,,,,,,,,,,,,,,,,,,,,,
13501-0Y050,,,,,,,,,,,,,,,,,,,,,,,,,,,,,,,,,,,,,,,,,,,,,,,,,,,,,,,,,,,,,,,,,,,,,,,,,,,,,,,,,,,1,,,,,,,,,,,,,,,,,,,,,,,,,,,,,,,,,,,,,,,,,,,,,,,,,,,,,,,,,,,,,,,,,,,,,,,,,,,,,,,,,,,,,,,,,,,,,,,,,,,,,,,,,,,,,,,,,,,,,,,,,,,,,,,,,,,,,1,,,,,,,,,,,,,,,,,,,,,,,,,,,,,,,,,,,,,,,,,,,,,,,,
13502-0Y050,,,,,,,,,,,,,,,,,,,,,,,,,,,,,,,,,,,,,,,,,,,,,,,,,,,,,,,,,,,,,,,,,,,,,,,,,,,,,,,,,,,,,1,,,,,,,,,,,,,,,,,,,,,,,,,,,,,,,,,,,,,,,,,,,,,,,,,,,,,,,,,,,,,,,,,,,,,,,,,,,,,,,,,,,,,,,,,,,,,,,,,,,,,,,,,,,,,,,,,,,,,,,,,,,,,,,,,,,1,,,,,,,,,,,,,,,,,,,,,,,,,,,,,,,,,,,,,,,,,,,,,,,,
11101-BZ250,,,,,1,,16,8,8,,,,,,,,,,,,,,,,,,,,,,,,,,,,,,,,,,,,,,,,,,,,,,,,,,,,,,,,,,,,,,,,,,,,,,,,,,,,,,,,,,,,,,,,,,,,,,,,,,,,,,,,,,,,,,,,,,,,,,,,,,,,,,,,,,,,,,,,,,,,,,,,,,,,,,,,,,,,,,,,,,,,,,,,,,,,,,,,,,,,,,,,,,,,,,,,,,,,,,,,,,,,,,,,,,,,,,,,,,,,,,4,,3,,,,,,,,,,,,,,,,,,,,,,,,,,,,,,,
11401-BZ220,,,,,,,,,,,,,,,,,,,,,,1,,,4,4,1,,,,,,,,,,,,,,,,,,,,,,,,,,,,,,,,,,,,,,,,,,,,,,,,,,,,,,,,,,,,,,,,,,,,,,,,,,,,,,,,,,,,,,,,,,,,,,,,,,,,,,,,,,,,,,,,,,,,,,,,,,,,,,,,,,,,,,,,,,,,,,,,,,,,,,,,,,,,,,,,,,,,,,,,,,,,,,,,,,,,,,,,,,,,,,,,,,,,,,,,,,5,1,,,,,,,,,,,,,,,,,10,,,,,,,,,,,,,,,,,
13501-BZ090,,,,,,,,,,,,,,,,,,,,,,,,,,,,,,,,,,,,,,,,,,,,,,,,,,,,,,,,,,,,,,,,,,,,,,,,,,,,,,,,,,,,1,,,,,,,,,,,,,,,,,,,,,,,,,,,,,,,,,,,,,,,,,,,,,,,,,,,,,,,,,,,,,,,,,,,,,,,,,,,,,,,,,,,,,,,,,,,,,,,,,,,,,,,,,,,,,,,,,,,,,,,,,,,,,,,,,,,,1,,,,,,,,,,,,,,,,,,,,,,,,,,,,,,,,,,,,,,,,,,,,,,,,
13502-BZ050,,,,,,,,,,,,,,,,,,,,,,,,,,,,,,,,,,,,,,,,,,,,,,,,,,,,,,,,,,,,,,,,,,,,,,,,,,,,,,,,,,,,,,1,,,,,,,,,,,,,,,,,,,,,,,,,,,,,,,,,,,,,,,,,,,,,,,,,,,,,,,,,,,,,,,,,,,,,,,,,,,,,,,,,,,,,,,,,,,,,,,,,,,,,,,,,,,,,,,,,,,,,,,,,,,,,,,,,,1,,,,,,,,,,,,,,,,,,,,,,,,,,,,,,,,,,,,,,,,,,,,,,,,